<?xml version="1.0" encoding="UTF-8" ?>
<!DOCTYPE mapper
PUBLIC "-//mybatis.org//DTD Mapper 3.0//EN"
"http://mybatis.org/dtd/mybatis-3-mapper.dtd">
<mapper namespace="com.ruoyi.system.mapper.SysDeptMapper">
    
    <resultMap type="SysDept" id="SysDeptResult">
        <result property="deptId"    column="dept_id"    />
        <result property="parentId"    column="parent_id"    />
        <result property="ancestors"    column="ancestors"    />
        <result property="deptName"    column="dept_name"    />
        <result property="orderNum"    column="order_num"    />
        <result property="leader"    column="leader"    />
        <result property="phone"    column="phone"    />
        <result property="email"    column="email"    />
        <result property="status"    column="status"    />
        <result property="delFlag"    column="del_flag"    />
        <result property="createBy"    column="create_by"    />
        <result property="createTime"    column="create_time"    />
        <result property="updateBy"    column="update_by"    />
        <result property="updateTime"    column="update_time"    />
    </resultMap>

    <sql id="selectSysDeptVo">
        select dept_id, parent_id, ancestors, dept_name, order_num, leader, phone, email, status, del_flag, create_by, create_time, update_by, update_time from sys_dept
    </sql>

    <select id="selectSysDeptList" parameterType="SysDept" resultMap="SysDeptResult">
        <include refid="selectSysDeptVo"/>
        <where>  
            <if test="parentId != null "> and parent_id = #{parentId}</if>
            <if test="ancestors != null  and ancestors != ''"> and ancestors = #{ancestors}</if>
            <if test="deptName != null  and deptName != ''"> and dept_name like concat('%', #{deptName}, '%')</if>
            <if test="orderNum != null "> and order_num = #{orderNum}</if>
            <if test="leader != null  and leader != ''"> and leader = #{leader}</if>
            <if test="phone != null  and phone != ''"> and phone = #{phone}</if>
            <if test="email != null  and email != ''"> and email = #{email}</if>
            <if test="status != null  and status != ''"> and status = #{status}</if>
        </where>
    </select>
    
    <select id="selectSysDeptById" parameterType="Long" resultMap="SysDeptResult">
        <include refid="selectSysDeptVo"/>
        where dept_id = #{deptId}
    </select>
        
    <insert id="insertSysDept" parameterType="SysDept" useGeneratedKeys="true" keyProperty="deptId">
        insert into sys_dept
        <trim prefix="(" suffix=")" suffixOverrides=",">
            <if test="parentId != null">parent_id,</if>
            <if test="ancestors != null">ancestors,</if>
            <if test="deptName != null">dept_name,</if>
            <if test="orderNum != null">order_num,</if>
            <if test="leader != null">leader,</if>
            <if test="phone != null">phone,</if>
            <if test="email != null">email,</if>
            <if test="status != null">status,</if>
            <if test="delFlag != null">del_flag,</if>
            <if test="createBy != null">create_by,</if>
            <if test="createTime != null">create_time,</if>
            <if test="updateBy != null">update_by,</if>
            <if test="updateTime != null">update_time,</if>
         </trim>
        <trim prefix="values (" suffix=")" suffixOverrides=",">
            <if test="parentId != null">#{parentId},</if>
            <if test="ancestors != null">#{ancestors},</if>
            <if test="deptName != null">#{deptName},</if>
            <if test="orderNum != null">#{orderNum},</if>
            <if test="leader != null">#{leader},</if>
            <if test="phone != null">#{phone},</if>
            <if test="email != null">#{email},</if>
            <if test="status != null">#{status},</if>
            <if test="delFlag != null">#{delFlag},</if>
            <if test="createBy != null">#{createBy},</if>
            <if test="createTime != null">#{createTime},</if>
            <if test="updateBy != null">#{updateBy},</if>
            <if test="updateTime != null">#{updateTime},</if>
         </trim>
    </insert>

    <update id="updateSysDept" parameterType="SysDept">
        update sys_dept
        <trim prefix="SET" suffixOverrides=",">
            <if test="parentId != null">parent_id = #{parentId},</if>
            <if test="ancestors != null">ancestors = #{ancestors},</if>
            <if test="deptName != null">dept_name = #{deptName},</if>
            <if test="orderNum != null">order_num = #{orderNum},</if>
            <if test="leader != null">leader = #{leader},</if>
            <if test="phone != null">phone = #{phone},</if>
            <if test="email != null">email = #{email},</if>
            <if test="status != null">status = #{status},</if>
            <if test="delFlag != null">del_flag = #{delFlag},</if>
            <if test="createBy != null">create_by = #{createBy},</if>
            <if test="createTime != null">create_time = #{createTime},</if>
            <if test="updateBy != null">update_by = #{updateBy},</if>
            <if test="updateTime != null">update_time = #{updateTime},</if>
        </trim>
        where dept_id = #{deptId}
    </update>

    <delete id="deleteSysDeptById" parameterType="Long">
        delete from sys_dept where dept_id = #{deptId}
    </delete>

    <delete id="deleteSysDeptByIds" parameterType="String">
        delete from sys_dept where dept_id in 
        <foreach item="deptId" collection="array" open="(" separator="," close=")">
            #{deptId}
        </foreach>
    </delete>

</mapper>